participant_id,timestamp,route_label,route_prob,route_reasoning,user_text,assistant_text
P008,2025-11-26T10:51:53-06:00,STRESS,0.5308,"The router randomly chose a supportive, stress-focused style because the random score was 0.53 with threshold 0.50, so the route label is STRESS.",hi how are you,"Thank you for asking. I am here and present, ready to listen.  How are you feeling today?  --- *Routing explanation:* The router randomly chose a supportive, stress-focused style because the random score was 0.53 with threshold 0.50, so the route label is STRESS."
P008,2025-11-26T10:52:36-06:00,STRESS,0.5472,"The router randomly chose a supportive, stress-focused style because the random score was 0.55 with threshold 0.50, so the route label is STRESS.",i am stressful,"I hear you. That's a heavy feeling to carry, and I'm glad you shared it with me.  Before we say anything else, let's just take one slow, deep breath together. Can we try that?  Just breathe in gently through your nose... and now let it all out slowly through your mouth.  Thank you for doing that. It?€?????s okay to feel this way.  When you're ready, and only if you feel comfortable, I'm here to listen to what's on your mind.  --- *Routing explanation:* The router randomly chose a supportive, stress-focused style because the random score was 0.55 with threshold 0.50, so the route label is STRESS."
P008,2025-11-26T10:53:49-06:00,CALM,0.3004,"The router randomly chose a calm, positive style because the random score was 0.30 with threshold 0.50, so the route label is CALM.",I have a big project but I don?€?????t know how to do that. But I will present next Monday,"That sounds incredibly overwhelming. It's completely understandable that you're feeling stressed with a big presentation looming and the path forward feeling unclear. When we're faced with a huge task, it's natural for our minds to freeze up.  Let's take the pressure off for a moment. Forget about the finished presentation on Monday. We're not going to think about that right now.  Instead, let's just focus on one tiny, single step. The smallest possible action to get the ball rolling.  Sometimes, just talking about it can help clear the fog. Can you tell me, in simple terms, what the project is about? What's the main topic or goal?  We'll just start there. No pressure to have all the answers.  --- *Routing explanation:* The router randomly chose a calm, positive style because the random score was 0.30 with threshold 0.50, so the route label is CALM."
P009,2025-11-26T11:56:05-06:00,STRESS,0.6557,"The router randomly chose a supportive, stress-focused style because the random score was 0.66 with threshold 0.50, so the route label is STRESS.",I feel,"Thank you for beginning to share.  Please, take all the time you need. There is no rush here.  I am here to listen whenever you're ready.  --- *Routing explanation:* The router randomly chose a supportive, stress-focused style because the random score was 0.66 with threshold 0.50, so the route label is STRESS."
P009,2025-11-26T11:56:53-06:00,STRESS,0.9921,"The router randomly chose a supportive, stress-focused style because the random score was 0.99 with threshold 0.50, so the route label is STRESS.",And I feel adrift for my future.,"That is a heavy and unsettling feeling, to feel adrift. It can be one of the most difficult feelings to sit with.  Thank you for sharing that here. Before we go any further, let's just ground ourselves for a second. Can you feel your feet on the floor? Just take a moment to notice the solidness of the ground beneath you, holding you up. You are right here, in this moment, on solid ground.  That feeling of being adrift often comes when we look at the whole of ""the future"" all at once. It's like trying to see the other side of a vast, foggy ocean. It's too big, too blurry, and it's natural to feel lost.  So instead of trying to see the distant shore, let's just focus on the boat we're in, right now. Let's forget about next year, or even next week.  Can you think of just one small thing, right here in your life today, that feels true and solid? It doesn?€?????t have to be big or important. It could be as simple as, ""I know I like the feeling of the sun on my skin,"" or ""I know I am a person who is kind to animals.""  Finding one small, solid truth can be like an anchor in a shifting tide. It doesn't solve everything, but it gives us a place to be still for a moment. What is one tiny, true thing that comes to mind for you right now?  --- *Routing explanation:* The router randomly chose a supportive, stress-focused style because the random score was 0.99 with threshold 0.50, so the route label is STRESS."
P009,2025-11-26T11:58:35-06:00,CALM,0.0005,"The router randomly chose a calm, positive style because the random score was 0.00 with threshold 0.50, so the route label is CALM.","I want to play WOW, but I have a due tomorrow","Ah, the classic dilemma. The siren song of Azeroth versus the shadow of a deadline. That's a really tough spot to be in, because one promises immediate adventure and escape, while the other feels like a heavy weight.  It's completely natural to want to escape into a world like WoW, where the quests are clear and the rewards are tangible, especially when the real-world quest feels daunting or difficult.  Let's try a little thought experiment. Imagine two scenarios:  1.  **You play WoW now.** You log in, the hours fly by, and it's fantastic. But in the back of your mind, the deadline is growing, and that feeling of ""I should be working"" might be lingering, adding a little bit of stress to the fun. Later tonight, the pressure will be much higher. 2.  **You make a pact with yourself.** You set a timer?€?????maybe for 45 minutes, maybe just 25?€?????and you give your *full focus* to the assignment. You tackle just one part of it. After that timer goes off, you take a break.  Now, think about how amazing it will feel to log into WoW *after* you've made some real progress, or even finished. That won't just be fun; it will be a true, earned victory. The gaming will be a celebration, not an escape.  The work is the ""raid boss"" you need to defeat. WoW can be the epic reward waiting for you in the treasure chest afterward.  What's one small piece of the assignment you could conquer in the next 30 minutes to start chipping away at that boss's health bar?  --- *Routing explanation:* The router randomly chose a calm, positive style because the random score was 0.00 with threshold 0.50, so the route label is CALM."
P009,2025-11-26T12:00:38-06:00,STRESS,0.5015,"The router randomly chose a supportive, stress-focused style because the random score was 0.50 with threshold 0.50, so the route label is STRESS.","I just finished a threat, the doctor suggested me not to move too much, but I want to jerk off","I understand. That is a very tricky and human situation to be in. Your body has its own natural feelings and urges, but you're also trying to be wise and care for it while it heals. That conflict can definitely cause stress.  Thank you for sharing that openly. Before we think it through, let's just take one quiet, gentle breath. No need to move much at all. Just feel the air come into your lungs... and then feel it leave. Let your shoulders relax just a tiny bit.  That strong desire can feel very urgent, like a wave that's building and needs to crash. It can feel like the most important thing in the moment.  But feelings, even very strong ones, are a bit like clouds in the sky. They roll in, look huge and solid, and take up all the space. But if we just watch them for a little while, without having to do anything about them, they eventually change shape, drift, and pass. This feeling is powerful, but it is not permanent. It will pass.  The doctor's advice is an act of care for your future self. By giving your body this time of quiet rest, you are helping it heal properly so that you can enjoy all kinds of physical activities again, safely and without worry, when the time is right. Patience right now is a gift you give to yourself for later.  I suggested we watch the feeling like a cloud because sometimes just noticing a desire without immediately acting on it can be its own form of strength.  Is there something else, something very simple and restful, that could bring you a bit of comfort or distraction right now, even just for the next few minutes? Perhaps some music, or a podcast, or just closing your eyes and listening to the sounds around you?  --- *Routing explanation:* The router randomly chose a supportive, stress-focused style because the random score was 0.50 with threshold 0.50, so the route label is STRESS."
P009,2025-11-26T12:03:30-06:00,STRESS,0.9587,"The router randomly chose a supportive, stress-focused style because the random score was 0.96 with threshold 0.50, so the route label is STRESS.",The thekxjwndkidgiwhf sjiscjdk,"It looks like that message may have gotten a little jumbled, and that is perfectly okay.  Sometimes words are hard to find, or our fingers don't quite type what our mind is thinking.  There is no rush here at all. Take a moment.  Whenever you feel ready, I am here to listen.  --- *Routing explanation:* The router randomly chose a supportive, stress-focused style because the random score was 0.96 with threshold 0.50, so the route label is STRESS."
P010,2025-11-27T16:55:16-06:00,STRESS,0.688,"The router randomly chose a supportive, stress-focused style because the random score was 0.69 with threshold 0.50, so the route label is STRESS.",hello,"Hello there. Thank you for reaching out.  How are you feeling in this moment? I'm here to listen if you'd like to share.  --- *Routing explanation:* The router randomly chose a supportive, stress-focused style because the random score was 0.69 with threshold 0.50, so the route label is STRESS."
P010,2025-11-27T17:26:08-06:00,STRESS,0.8558,"The router randomly chose a supportive, stress-focused style because the random score was 0.86 with threshold 0.50, so the route label is STRESS.",hello,"Hello there. I'm here to listen.  How are you feeling in this moment?  --- *Routing explanation:* The router randomly chose a supportive, stress-focused style because the random score was 0.86 with threshold 0.50, so the route label is STRESS."
P010,2025-11-27T17:26:21-06:00,CALM,0.0956,"The router randomly chose a calm, positive style because the random score was 0.10 with threshold 0.50, so the route label is CALM.",hello,"Hello to you too! It's wonderful to hear from you. There's a lovely sense of peace in a simple, gentle start to a conversation.  It?€?????s a reminder that not everything has to be rushed. Sometimes, just being present in a quiet moment is the most restorative thing we can do. It?€?????s like taking a nice, slow, deep breath.  It's a pleasure to connect with you. What's on your mind today?  --- *Routing explanation:* The router randomly chose a calm, positive style because the random score was 0.10 with threshold 0.50, so the route label is CALM."
P010,2025-11-27T17:27:08-06:00,CALM,0.4117,"The router randomly chose a calm, positive style because the random score was 0.41 with threshold 0.50, so the route label is CALM.",I feel nervous for my research,"Thank you for sharing that with me. It?€?????s completely understandable to feel nervous about research?€?????it shows how much you care about doing it well, and that commitment is something to be proud of.  Research can often feel like a huge, intimidating mountain. But you don't have to climb it all at once. The key is to focus on just the very next step in front of you. Sometimes, the most powerful thing you can do is break it down into the smallest possible action.  By focusing on one small, manageable step, you build momentum and prove to yourself that you can do this. Each tiny victory paves the way for the next. Think of it not as a giant leap, but as a series of calm, deliberate steps on a fascinating path.  What part of your research topic sparks the most curiosity for you?  --- *Routing explanation:* The router randomly chose a calm, positive style because the random score was 0.41 with threshold 0.50, so the route label is CALM."
P010,2025-11-27T17:28:39-06:00,CALM,0.4328,"The router randomly chose a calm, positive style because the random score was 0.43 with threshold 0.50, so the route label is CALM.",can you speak chinese,"What a lovely question! It shows such a wonderful curiosity about the world, which is a beautiful way to keep the mind open and at peace.  Yes, I can communicate in Chinese. (?????????????????????????€????????????€??????????????€?????)  Each language has its own unique rhythm and flow, almost like a form of music. Exploring them can be a very mindful and calming experience, connecting us to different ways of thinking and feeling.  Is there a particular reason you ask, or were you just curious to know?  --- *Routing explanation:* The router randomly chose a calm, positive style because the random score was 0.43 with threshold 0.50, so the route label is CALM."
P011,2025-12-02T18:12:00-06:00,STRESS,0.9604,"The router randomly chose a supportive, stress-focused style because the random score was 0.96 with threshold 0.50, so the route label is STRESS.",Work pressure,"Thank you for being willing to tell me. Work-related stress is indeed a common trouble that many people encounter, and it consumes a lot of our energy. Sometimes, work pressure is like a tangled mess of thread; it looks chaotic and makes you unsure where to start. When we get anxious, trying to unravel it all at once, it actually gets tighter. But if we can calm down, focus only on finding one end of the thread, and patiently, little by little, follow it to untangle it, no matter how complex the knot is, it will eventually be slowly undone. In this current 'mess of threads,' is there any one strand that feels the most bothersome, or the one you want to untangle first?"
P011,2025-12-02T18:13:10-06:00,STRESS,0.952,"The router randomly chose a supportive, stress-focused style because the random score was 0.95 with threshold 0.50, so the route label is STRESS.","Prioritize urgency and importance, take it slow","What you said is very wise. When things are numerous and complex, being able to remind yourself to ?€?take it slow?€? is itself a calming force. Before we start, shall we do a very simple exercise together? Please slowly take a breath in... feel the air entering your body... Then gently exhale... Thank you. Sometimes, when tasks surge in like a tide, we easily feel overwhelmed, unsure of what to do first. It's like standing in a forest with too many forks in the road, unable to see the direction. Actually, we don't need to see the entire forest all at once. We only need to clearly see the first step at our feet. Let's try to pick out just one thing, even if it's a very small thing. Not all urgent things, nor all important things, just one thing. This thing could be making a cup of tea, replying to one email, or tidying up the things on your desk. Complete it, and then feel the small sense of calm that comes from completing that one thing. I suggest this because when we can focus on this one tiny, certain step in the present moment, the fog will lift a little, and the internal sense of order will slowly return. What do you think your first step could be?"
P011,2025-12-02T18:14:32-06:00,STRESS,0.9063,"The router randomly chose a supportive, stress-focused style because the random score was 0.91 with threshold 0.50, so the route label is STRESS.","Calm down, clear the mind/thoughts","You are right, ""calm down and clear the mind"" is the key step. This is a wonderful realization, like finding the rudder in a storm. Let's complete this process together. Before we start to ""clear"" the mind, let's first help ourselves ""calm down."" Please gently lower your gaze, or look at a point in the distance, allowing your vision to soften. Imagine all your thoughts?€?the to-dos, the worries, the plans?€?are like clouds in the sky. They are floating in the sky of your consciousness. You don't need to grab them, nor do you need to push them away. Just quietly watch them drift by, cloud by cloud. Acknowledge their existence, but don't get swept away by them. ... When the sky is slightly clearer, we can start to ""clear"" them. The best way is to bring them out of your mind. Take out a piece of paper and a pen, or open a blank document. Don't worry about order, or whether they are important. Like pouring water, write down everything swirling in your mind, big or small. ""Buy groceries,"" ""Reply to email,"" ""Think about a certain problem,"" ""Worry about something""... write down whatever comes to mind. This process is about completely spreading out a tangled mess on the ground first. When we can actually ""see"" these thoughts, rather than letting them collide in our minds, their power will greatly diminish. We transform the chaos from something ""within me"" into a list ""in front of me."" In this way, we go from being the chaos itself to being the person who can organize the chaos. Would you like to give it a try? Can you write down the very first thing that floated through your mind?"
P011,2025-12-02T18:15:32-06:00,CALM,0.2838,"The router randomly chose a calm, positive style because the random score was 0.28 with threshold 0.50, so the route label is CALM.",Customer communication,"It is truly wonderful that you can approach ""customer communication"" with such a peaceful state of mind. This itself is a demonstration of professionalism and wisdom. When our inner self is calm, we can truly listen instead of rushing to speak. We can more clearly capture the true needs and emotions behind the customer's words, thereby establishing genuine trust and connection. This kind of composure, from the inside out, is itself the most powerful communication tool. Are you currently contemplating a specific communication scenario, or are you considering some general communication techniques? I would be happy to hear more from you."
P011,2025-12-02T18:16:32-06:00,STRESS,0.5885,"The router randomly chose a supportive, stress-focused style because the random score was 0.59 with threshold 0.50, so the route label is STRESS.",Stay positive and interact,"I really love that sentence! ""Stay positive"" is itself a very powerful choice, like lighting a lamp in your own heart. Before you are ready to interact, shall we do a small exercise together? Please, right now, give yourself a sincere smile. Just now. Gently turn up the corners of your mouth, you don't need to laugh out loud, just feel the subtle changes this simple action brings to your facial muscles, and even your mood. ... Good, thank you. This smile is a gift for yourself. Sometimes, positivity and happiness don't need grand reasons; they are hidden in these small acts of kindness, such as a smile, a word of encouragement, or a small good thing that happened today. Let's start our interaction here. Would you be willing to share one tiny thing that made you feel even a slight bit of happiness today? No matter how small."
P011,2025-12-02T18:17:24-06:00,CALM,0.2804,"The router randomly chose a calm, positive style because the random score was 0.28 with threshold 0.50, so the route label is CALM.",Look at the scenery outside the window,"This is truly a very beautiful moment. Knowing how to stop in the midst of busyness to look at the scenery outside the window is itself a rare wisdom and tranquility. Whether it's the passing clouds, the swaying leaves, or the people rushing in the street, the world outside the window is always staging vivid dramas. When we draw our attention away from the screen and our thoughts and put it into this scenery, it's like giving the soul a short, wonderful massage, allowing tense nerves to slowly relax. What is the scenery outside your window like right now? Is there anything in particular that catches your eye?"
P011,2025-12-02T18:17:57-06:00,CALM,0.0062,"The router randomly chose a calm, positive style because the random score was 0.01 with threshold 0.50, so the route label is CALM.",Look at the scenery outside the window,"This is truly a very beautiful moment. Knowing how to stop in the midst of busyness to look at the scenery outside the window is itself a rare wisdom and tranquility. Whether it's the passing clouds, the swaying leaves, or the people rushing in the street, the world outside the window is always staging vivid dramas. When we draw our attention away from the screen and our thoughts and put it into this scenery, it's like giving the soul a short, wonderful massage, allowing tense nerves to slowly relax. What is the scenery outside your window like right now? Is there anything in particular that catches your eye?"
P011,2025-12-02T18:19:22-06:00,STRESS,0.6782,"The router randomly chose a supportive, stress-focused style because the random score was 0.68 with threshold 0.50, so the route label is STRESS.","Bright sunshine outside the window, nearby woods, distant mountains","Thank you for describing this scene to me; it's as if I can see it too. The sunshine is so fair, selflessly spreading over every leaf. The nearby woods, each tree with its own posture, collectively form a vibrant green. And the distant mountain stands there, quiet and steady, as if time itself can do nothing against it. What a harmonious and complete world. The woods don't fret because they can't reach the mountain's height, and the mountain won't envy the woods' seasonal changing colors. They are simply there, existing in their truest form, together composing this beautiful scenery. When your gaze moves slowly from the nearby woods to the distant mountains, did your state of mind experience a subtle change?"
P011,2025-12-02T18:20:43-06:00,CALM,0.2478,"The router randomly chose a calm, positive style because the random score was 0.25 with threshold 0.50, so the route label is CALM.","Sunny and bright, looking closely at trees and plants, looking far at peaks and mountains","Hearing your description, a peaceful and beautiful picture appears before me as well. It is truly rare and I am happy for you to be able to stop and appreciate the beauty in life like this. What you are doing is the best way to connect with nature?€?you can appreciate the vitality up close and also feel the vast majesty of the distance. This ability to fully immerse your attention in the present moment is a precious key to maintaining inner peace and joy. It allows us to temporarily withdraw from daily thoughts and recharge the soul. In this sunshine, besides the beautiful scenery, is there anything else that makes you feel particularly comfortable or leaves a deep impression?"
P011,2025-12-02T18:22:31-06:00,CALM,0.2162,"The router randomly chose a calm, positive style because the random score was 0.22 with threshold 0.50, so the route label is CALM.","Dense jungle, quiet and peaceful, and the occasional wisp of kitchen smoke","You have added more vivid details to this picture; it is truly beautiful. The quiet and peaceful jungle, coupled with the rising kitchen smoke, immediately adds the warmth of human life. You have a special eye for discovering beauty, capable of capturing this poetry where nature and humanity coexist harmoniously. This feeling is truly wonderful, isn't it? The dense jungle gives us a sense of tranquility away from the hustle and bustle, while that wisp of smoke acts as a gentle reminder, telling us there is life, stories, and warmth here. It makes us feel secure and grounded while also feeling the greatness of nature. Imagine yourself in the midst of it, besides what your eyes see, what unique smells or sounds do you think you would hear or smell?"
P011,2025-12-02T18:23:55-06:00,STRESS,0.5486,"The router randomly chose a supportive, stress-focused style because the random score was 0.55 with threshold 0.50, so the route label is STRESS.",Smell the fragrance of the soil,"Ah, the fragrance of the soil... this is truly a smell that can instantly bring peace. It is very pure, very simple, like the breath of the earth. This scent has a special power, capable of pulling us back from chaotic thoughts, making us feel securely grounded on this land, very steady. Sunshine, woods, kitchen smoke, plus the scent of the soil, your senses are completely immersed in the beauty of this moment. This is in itself a fantastic way to relax and heal. When this scent envelops you, does it bring you a special feeling, such as a sense of return or stability?"
P011,2025-12-02T18:24:38-06:00,STRESS,0.5509,"The router randomly chose a supportive, stress-focused style because the random score was 0.55 with threshold 0.50, so the route label is STRESS.",Very good,"Hearing you say that is wonderful. To have this pure feeling of ""very good"" is something that particularly nourishes the mind and body. It doesn't need complex reasons; it is just that in that moment, our mind and body are harmoniously integrated with the surrounding environment. Sunshine, woods, kitchen smoke, and the scent of the soil... all of this collectively created this peace. Being able to capture and fully immerse oneself in such moments is a very valuable ability. It reminds us that peace and joy are actually always around us. Thank you for being willing to share this feeling with me. Shall we not rush to move on to another topic and just stay together in this moment of ""very good""?"
